id,title,content,created_at,updated_at
1,Report Grocery Review,Holiday Presentation Seminar Review Anniversary List Grocery Vacation Party Roadmap,2023-11-09 17:21:18.355452,
2,Holiday Plan Vacation,Holiday Schedule List Anniversary Meeting Birthday Roadmap Presentation Summary Party,2023-11-08 17:21:18.355459,
3,Anniversary Party Plan,Summary Vacation Review List Seminar Holiday Strategy Presentation Anniversary Plan,2023-11-07 17:21:18.355465,
4,Presentation Strategy Birthday,List Anniversary Deadline Seminar Plan Meeting Party Report Vacation Workshop,2023-11-06 17:21:18.355466,2023-11-06 17:21:18.355500
5,Roadmap Party Review,Seminar Vacation Plan Deadline Holiday Party Anniversary Grocery Workshop Project,2023-11-05 17:21:18.355467,
6,Party Grocery Report,Plan Workshop Grocery Project Summary Report Presentation Anniversary Meeting Vacation,2023-11-04 17:21:18.355468,2023-11-04 17:21:18.355503
7,Project Seminar Meeting,Seminar Workshop Schedule Birthday Holiday Grocery Deadline Meeting Project Report,2023-11-03 17:21:18.355469,2023-11-03 17:21:18.355504
8,Schedule Workshop Party,Presentation Review Party Report Deadline Plan Seminar List Roadmap Workshop,2023-11-02 17:21:18.355470,2023-11-02 17:21:18.355506
9,Workshop Roadmap Birthday,List Summary Workshop Meeting Vacation Deadline Seminar Grocery Schedule Plan,2023-11-01 17:21:18.355471,2023-11-01 17:21:18.355507
10,Seminar Project Meeting,Review Summary Strategy Meeting List Vacation Deadline Party Seminar Schedule,2023-10-31 17:21:18.355472,2023-10-31 17:21:18.355508
11,Review Roadmap List,Plan Anniversary Seminar Grocery Party Vacation Holiday Project Review Birthday,2023-10-30 17:21:18.355473,
12,Anniversary Grocery Report,Plan Anniversary Schedule List Strategy Review Holiday Grocery Meeting Vacation,2023-10-29 17:21:18.355474,
13,Holiday Project Party,Schedule Plan Review Presentation Grocery Roadmap Summary Seminar Strategy Birthday,2023-10-28 17:21:18.355475,2023-10-28 17:21:18.355511
14,Deadline Holiday Strategy,Summary Review Anniversary Deadline Project Birthday Presentation Meeting Seminar List,2023-10-27 17:21:18.355476,
15,Anniversary Party Grocery,Summary Seminar Presentation Review Schedule Holiday Birthday Deadline Party Plan,2023-10-26 17:21:18.355477,
16,Presentation Meeting Summary,Roadmap Grocery Holiday Seminar Vacation Deadline Birthday Summary Project Strategy,2023-10-25 17:21:18.355478,2023-10-25 17:21:18.355513
17,Birthday Roadmap Deadline,Schedule Project Anniversary Holiday Workshop Party Roadmap Birthday Summary Report,2023-10-24 17:21:18.355479,
18,Strategy Anniversary Seminar,Roadmap Project Deadline Party Grocery Birthday Anniversary Presentation Seminar Summary,2023-10-23 17:21:18.355480,
19,Report Plan Seminar,Plan Roadmap Presentation Meeting Strategy Report Anniversary Holiday Workshop Review,2023-10-22 17:21:18.355481,
20,Vacation Report Seminar,Vacation Seminar Workshop Holiday Presentation Schedule Party Strategy Grocery Plan,2023-10-21 17:21:18.355482,2023-10-21 17:21:18.355516
